video_file,blink_score,movement_score,,movement_norm,,,,,,,,
v12_s-1.mp4,0.6315046316,0.02253710608,2,0.1688255595,자는 애들 블링크 점수 평균,0.6382892008,자는 애들 움직임점수 평균,0.01097749504,자는 애들 정규화 움직임 점수 평균,0.09807683483,,
v12_s-10.mp4,0.5384186655,0.03708967617,3,0.4429042582,안자는 애들 블링크 점수 평균,0.2272434547,안자는 애들 움직임 점수 평균,0.01398904792,안자는 애들 정규화 움직임 점수 평균,0.1182672114,,
v12_s-11.mp4,0.4955861711,0.01783049119,4,0.1563514401,,,,,,,,
v12_s-12.mp4,0.5043537157,0.06356260584,5,0.6402496156,,,,,,,,
v12_s-13.mp4,0.4853635977,0.01849807235,6,0.1872126275,,,,,,,,
v12_s-14.mp4,0.4945346763,0.01177151528,7,0.1110949581,,,,,,,,
v12_s-15.mp4,0.5134191997,0.03960701674,8,0.4194557509,,,,,,,,
v12_s-16.mp4,0.5496124234,0.02020307998,9,0.2213323805,,,,,,,,
v12_s-17.mp4,0.5958739153,0.0534010876,10,0.5706373815,,,,,,,,
v12_s-18.mp4,0.6623152221,0.08075325182,11,0.6973027721,,,,,,,,
v12_s-19.mp4,0.6513478806,0.009155669645,12,0.06649897031,,,,,,,,
v12_s-2.mp4,0.6846527519,0.01131457761,13,0.09322414491,,,,,,,,
v12_s-20.mp4,0.6386294893,0.01565084569,14,0.1266486351,,,,,,,,
v12_s-21.mp4,0.6312639949,0.005261852346,15,0.04367092211,,,,,,,,
v12_s-3.mp4,0.642617474,0.03185426585,16,0.2601838283,,,,,,,,
v12_s-4.mp4,0.6871930944,0.006710528268,17,0.05875933668,,,,,,,,
v12_s-5.mp4,0.7043263502,0.01363101936,18,0.1273855225,,,,,,,,
v12_s-6.mp4,0.6226486489,0.01510323764,19,0.1481779725,,,,,,,,
v12_s-7.mp4,0.54682958,0.01183074495,20,0.1096225045,,,,,,,,
v12_s-8.mp4,0.6178798775,0.0126768747,21,0.1338613937,,,,,,,,
v12_s-9.mp4,0.5510765202,0.0356867833,22,0.3529064207,,,,,,,,
v17_s1-1.mp4,0.4759376546,0.001304464623,23,0.02289194621,,,,,,,,
v17_s2-1.mp4,0.3872226672,0.01367301273,24,0.1105041329,,,,,,,,
v17_s2-2.mp4,0.4442534878,0.007270430521,25,0.09721278253,,,,,,,,
v17_s2-3.mp4,0.4657553813,0.04441781513,26,0.4311107439,,,,,,,,
v17_s3-1.mp4,0.6359189991,0.003873745191,27,0.04298026944,,,,,,,,
v17_s3-2.mp4,0.5693046103,0.004093749864,28,0.01811683322,,,,,,,,
v17_s3-3.mp4,0.5318941561,0.002838115083,29,0.02947532199,,,,,,,,
v17_s4-1.mp4,0.5619804859,0.006153919376,30,0.04350870643,,,,,,,,
v17_s4-2.mp4,0.4073621227,0.1116285812,31,0.6400326052,,,,,,,,
v17_s4-3.mp4,0.447820959,0.01496214173,32,0.1099508325,,,,,,,,
v17_s4-4.mp4,0.4874405911,0.006908634164,33,0.04184865463,,,,,,,,
v17_s4-5.mp4,0.4939700874,0.02207540265,34,0.1724408818,,,,,,,,
v27_s-1.mp4,0.8047070925,0.00265470482,35,0.02233448943,,,,,,,,
v27_s-10.mp4,0.8134105516,0.005124096671,36,0.04291982445,,,,,,,,
v27_s-11.mp4,0.7787873534,0.003640712378,37,0.0186833375,,,,,,,,
v27_s-12.mp4,0.7871807764,0.008956876288,38,0.09180684917,,,,,,,,
v27_s-13.mp4,0.7890719014,0,39,0,,,,,,,,
v27_s-14.mp4,0.7379553852,0.001443688393,40,0.01208288775,,,,,,,,
v27_s-15.mp4,0.8127786281,0.007398492646,41,0.06131205421,,,,,,,,
v27_s-16.mp4,0.771845414,0.0007717207315,42,0.006535163613,,,,,,,,
v27_s-17.mp4,0.8185236032,0.02313388253,43,0.1937194308,,,,,,,,
v27_s-18.mp4,0.825065424,0.003510704443,44,0.03364003349,,,,,,,,
v27_s-19.mp4,0.798007415,0.001779916015,45,0.02604492717,,,,,,,,
v27_s-2.mp4,0.8202077113,0.001557226065,46,0.01308979689,,,,,,,,
v27_s-20.mp4,0.8050709367,0.004293678212,47,0.04550967143,,,,,,,,
v27_s-21.mp4,0.7869761698,0.0008836294661,48,0.0118169179,,,,,,,,
v27_s-22.mp4,0.8347158283,0.001673720138,49,0.01400693095,,,,,,,,
v27_s-23.mp4,0.8299454562,0.0006282778566,50,0.00526515793,,,,,,,,
v27_s-24.mp4,0.8246465599,0.00113451653,51,0.009496475192,,,,,,,,
v27_s-25.mp4,0.8086027727,0.004987708794,52,0.04492437252,,,,,,,,
v27_s-26.mp4,0.7771770942,0.005622550196,53,0.04760303484,,,,,,,,
v27_s-27.mp4,0.8141987411,0.001225225058,54,0.01040086003,,,,,,,,
v27_s-28.mp4,0.7798932542,0.01148704682,55,0.09637287013,,,,,,,,
v27_s-29.mp4,0.7911663577,0.01117236825,56,0.0964810373,,,,,,,,
v27_s-3.mp4,0.7674032946,0.000258573498,57,0.002175462255,,,,,,,,
v27_s-30.mp4,0.8081563935,0.0008882267576,58,0.007457456963,,,,,,,,
v27_s-31.mp4,0.8292274276,0.000766461769,59,0.006510655906,,,,,,,,
v27_s-32.mp4,0.7972537751,0.00077135492,60,0.006555190828,,,,,,,,
v27_s-33.mp4,0.7872733474,0.01408348411,61,0.1181829852,,,,,,,,
v27_s-34.mp4,0.8049609177,0,62,0,,,,,,,,
v27_s-35.mp4,0.7940397424,0.003340570841,63,0.02847706313,,,,,,,,
v27_s-36.mp4,0.7863571458,0.004796727675,64,0.04628239247,,,,,,,,
v27_s-37.mp4,0.7767806376,0.002633403537,65,0.02010404349,,,,,,,,
v27_s-38.mp4,0.8401748575,0.009220207761,66,0.08159008797,,,,,,,,
v27_s-39.mp4,0.7774371443,0.03136199089,67,0.2679418181,,,,,,,,
v27_s-4.mp4,0.7857386085,0.004176492445,68,0.04779151193,,,,,,,,
v27_s-40.mp4,0.7852464505,0.001661970086,69,0.01401157409,,,,,,,,
v27_s-41.mp4,0.7818719198,0.002283498468,70,0.03180380884,,,,,,,,
v27_s-42.mp4,0.7911592399,0.01269065073,71,0.1068245538,,,,,,,,
v27_s-43.mp4,0.8299370259,0.001827401445,72,0.01538471218,,,,,,,,
v27_s-44.mp4,0.8151907511,0.0008850423361,73,0.007507458605,,,,,,,,
v27_s-45.mp4,0.7915913177,0.02471389066,74,0.2020298075,,,,,,,,
v27_s-5.mp4,0.7456880411,0.00272306987,75,0.02319123706,,,,,,,,
v27_s-6.mp4,0.8159438223,0.009334371188,76,0.08341308904,,,,,,,,
v27_s-7.mp4,0.7741028753,0.006798351852,77,0.05708041586,,,,,,,,
v27_s-8.mp4,0.7950214272,0.002534737424,78,0.02160577047,,,,,,,,
v27_s-9.mp4,0.8359959175,0.01511642298,79,0.1320219884,,,,,,,,
v46_s-1.mp4,0.6611875725,0.001985360072,80,0.0186082509,,,,,,,,
v46_s-2.mp4,0.6619712915,0.0211898739,81,0.1033586033,,,,,,,,
v46_s-3.mp4,0.6401458738,0.00437105493,82,0.02419183726,,,,,,,,
v46_s-4.mp4,0.6646886518,0.00918898423,83,0.08196737539,,,,,,,,
v46_s-5.mp4,0.7103260388,0.003265866154,84,0.02383022351,,,,,,,,
v46_s-6.mp4,0.6537614763,0.001880842215,85,0.02011758008,,,,,,,,
v46_s-7.mp4,0.6569956024,0.002907635088,86,0.01349232304,,,,,,,,
v53_s-1.mp4,0.4584332424,0.000619501105,87,0.002888228792,,,,,,,,
v53_s-2.mp4,0.4978535965,0.00136886448,88,0.0063589317,,,,,,,,
v53_s-3.mp4,0.5283493196,0.000445071547,89,0.002055437527,,,,,,,,
v53_s-4.mp4,0.4695104942,0.002172580577,90,0.01015857667,,,,,,,,
v53_s-5.mp4,0.3936835905,0.0003120384695,91,0.001450759433,,,,,,,,
v53_s-6.mp4,0.4298012438,0.0009228194869,92,0.004307725785,,,,,,,,
v58_s-1.mp4,0.6395022184,0,93,0,,,,,,,,
v58_s-2.mp4,0.6489209269,0.0008218904714,94,0.003165426176,,,,,,,,
v58_s-3.mp4,0.5284793446,0.0008209085063,95,0.003155235269,,,,,,,,
v58_s-4.mp4,0.532199659,0.0005804937368,96,0.002241913865,,,,,,,,
v58_s-5.mp4,0.5738388151,0.002853236324,97,0.01416812276,,,,,,,,
v63_s-1.mp4,0.3528103446,0.007637791248,98,0.08535595291,,,,,,,,
v63_s-10.mp4,0.4034778868,0.005270905251,99,0.05733246426,,,,,,,,
v63_s-11.mp4,0.4115747477,0.007378437057,100,0.07542222103,,,,,,,,
v63_s-12.mp4,0.4061305573,0.002931187018,101,0.03319508488,,,,,,,,
v63_s-13.mp4,0.4122220144,0.0132830982,102,0.1376263272,,,,,,,,
v63_s-2.mp4,0.3616061032,0.003180402422,103,0.03627645047,,,,,,,,
v63_s-3.mp4,0.3698293837,0.007204148606,104,0.07326399215,,,,,,,,
v63_s-4.mp4,0.3455837329,0.01983549106,105,0.2338854052,,,,,,,,
v63_s-5.mp4,0.355562151,0.007158463613,106,0.07482412962,,,,,,,,
v63_s-6.mp4,0.3281328936,0.01367847379,107,0.1446124453,,,,,,,,
v63_s-7.mp4,0.3265020207,0.003188038493,108,0.03391724715,,,,,,,,
v63_s-8.mp4,0.3411469189,0.01034283275,109,0.1087768724,,,,,,,,
v63_s-9.mp4,0.3779628267,0.008617698617,110,0.07758238532,,,,,,,,
v84_s-1.mp4,0.6680815448,0.01280625627,111,0.1304920002,,,,,,,,
v84_s-2.mp4,0.6614203761,0.01079865453,112,0.1123372886,,,,,,,,
v84_s-3.mp4,0.6964044631,0.01452348394,113,0.1201813637,,,,,,,,
v84_s-4.mp4,0.6737871766,0.007636597371,114,0.08371484141,,,,,,,,
v16_ns-1.mp4,0.07399418488,0.004892626663,115,0.03639590523,,,,,,,,
v16_ns-10.mp4,0.07794642212,0.0355146198,116,0.2909918536,,,,,,,,
v16_ns-11.mp4,0.06172217273,0.00776537687,117,0.06502097435,,,,,,,,
v16_ns-12.mp4,0.1059781474,0.007107060734,118,0.05617169861,,,,,,,,
v16_ns-2.mp4,0.1331434656,0.007659000047,119,0.05398628941,,,,,,,,
v16_ns-3.mp4,0.1233193402,0.004036721222,120,0.04090160395,,,,,,,,
v16_ns-4.mp4,0.1525232392,0.004647498519,121,0.03344777754,,,,,,,,
v16_ns-5.mp4,0.09805702592,0.003705912194,122,0.03973219097,,,,,,,,
v16_ns-6.mp4,0.0400603272,0.001301582427,123,0.01365758669,,,,,,,,
v16_ns-7.mp4,0.04667293627,0.001801720611,124,0.01445154885,,,,,,,,
v16_ns-8.mp4,0.05293945813,0.002005793474,125,0.01445025649,,,,,,,,
v16_ns-9.mp4,0.04829988964,0.001995081842,126,0.03319175977,,,,,,,,
v18_ns-1.mp4,0.3718983312,0.01149708249,127,0.1022946469,,,,,,,,
v18_ns-2.mp4,0.399646696,0.02520965469,128,0.2491391864,,,,,,,,
v18_ns-3.mp4,0.412848077,0.06598829645,129,0.5704927438,,,,,,,,
v18_ns-4.mp4,0.4487487403,0.01605191942,130,0.1383967813,,,,,,,,
v22_ns-1.mp4,0.01121220737,0.01815566717,131,0.2408084628,,,,,,,,
v22_ns-2.mp4,0.3208854788,0.01420683885,132,0.1236975675,,,,,,,,
v22_ns-3.mp4,0.03706779414,0.02161264936,133,0.2308247666,,,,,,,,
v22_ns-4.mp4,0.03393285925,0.02612182392,134,0.2636402509,,,,,,,,
v22_ns-5.mp4,0.03446446356,0.05317860321,135,0.5698681785,,,,,,,,
v23_ns-1.mp4,0.2866369326,0.005291124106,136,0.04008023406,,,,,,,,
v23_ns-10.mp4,0.1932794111,0.0007710741976,137,0.01283728791,,,,,,,,
v23_ns-11.mp4,0.3492209215,0.001319069944,138,0.006308983365,,,,,,,,
v23_ns-12.mp4,0.2205820505,0.001815375721,139,0.01088034916,,,,,,,,
v23_ns-13.mp4,0.3144243697,0.0008105215554,140,0.004887724255,,,,,,,,
v23_ns-2.mp4,0.1579877836,0.005430798986,141,0.03799763691,,,,,,,,
v23_ns-3.mp4,0.2320348596,0.003337850239,142,0.02238297166,,,,,,,,
v23_ns-4.mp4,0.2911150686,0.002204617394,143,0.01408119223,,,,,,,,
v23_ns-5.mp4,0.2273448834,0.001267199971,144,0.01584175336,,,,,,,,
v23_ns-6.mp4,0.2476018121,0.006116478992,145,0.03351305169,,,,,,,,
v23_ns-7.mp4,0.1520861469,0.003592721277,146,0.01965612862,,,,,,,,
v23_ns-8.mp4,0.1896807532,0.002849040454,147,0.02146461791,,,,,,,,
v23_ns-9.mp4,0.2911331461,0.002823624137,148,0.01742126357,,,,,,,,
v3_ns-1.mp4,0.07058201028,0.06774088988,149,0.8227284907,,,,,,,,
v3_ns-10.mp4,0.1886170744,0.01195852914,150,0.1237176369,,,,,,,,
v3_ns-11.mp4,0.1551074195,0.002048171278,151,0.01346562326,,,,,,,,
v3_ns-2.mp4,0.1614309304,0.004224416485,152,0.06959316888,,,,,,,,
v3_ns-3.mp4,0.2130090352,0.03673480305,153,0.3836298438,,,,,,,,
v3_ns-4.mp4,0.2862391612,0.003496650188,154,0.0672328184,,,,,,,,
v3_ns-5.mp4,0.5059873549,0.01058415312,155,0.1094601846,,,,,,,,
v3_ns-6.mp4,0.4349494719,0.003901360461,156,0.04197725586,,,,,,,,
v3_ns-7.mp4,0.3440368834,0.0214101254,157,0.2291680821,,,,,,,,
v3_ns-8.mp4,0.1861310325,0.003420426719,158,0.04695986885,,,,,,,,
v3_ns-9.mp4,0.2424290068,0.004229052475,159,0.04397134837,,,,,,,,
v54_ns-1.mp4,0.2596876004,0.002613479491,160,0.01253668516,,,,,,,,
v54_ns-10.mp4,0.5032641766,0.0009378311875,161,0.03118580088,,,,,,,,
v54_ns-11.mp4,0.0634212909,0.002926253689,162,0.02881816868,,,,,,,,
v54_ns-12.mp4,0.03735850692,0.001920183911,163,0.01863263566,,,,,,,,
v54_ns-13.mp4,0.06843559968,0.003926002658,164,0.03520872449,,,,,,,,
v54_ns-14.mp4,0.03820168338,0,165,0,,,,,,,,
v54_ns-15.mp4,0.08066360791,0.001248276946,166,0.02097346685,,,,,,,,
v54_ns-16.mp4,0.0577086428,0.002444834458,167,0.009481543185,,,,,,,,
v54_ns-2.mp4,0.04463900512,0.0006008090987,168,0.006274183136,,,,,,,,
v54_ns-3.mp4,0.05795082263,0.001286432164,169,0.01339263599,,,,,,,,
v54_ns-4.mp4,0.04378085296,0.001845951762,170,0.01538309342,,,,,,,,
v54_ns-5.mp4,0.07865800993,0.002376975482,171,0.01543006739,,,,,,,,
v54_ns-6.mp4,0.03352586771,0.007105416286,172,0.04255367488,,,,,,,,
v54_ns-7.mp4,0.05432231121,0.002927594411,173,0.02517880834,,,,,,,,
v54_ns-8.mp4,0.06023253409,0.004492353486,174,0.03475654347,,,,,,,,
v54_ns-9.mp4,0.0504102801,0.005566118781,175,0.04262841004,,,,,,,,
v56_ns-1.mp4,0.02000485864,0.008803379676,176,0.05082424077,,,,,,,,
v56_ns-10.mp4,0.09408395292,0.03212063145,177,0.1810117683,,,,,,,,
v56_ns-11.mp4,0.02604429273,0.02616141141,178,0.1263731649,,,,,,,,
v56_ns-12.mp4,0.03891337658,0.005291533066,179,0.03249862134,,,,,,,,
v56_ns-13.mp4,0.09506699998,0.03576249829,180,0.2015002226,,,,,,,,
v56_ns-14.mp4,0.08704864031,0.01701119386,181,0.1009980189,,,,,,,,
v56_ns-15.mp4,0.04734427156,0.04327692915,182,0.247819937,,,,,,,,
v56_ns-16.mp4,0.02286785495,0.03250406867,183,0.1638038132,,,,,,,,
v56_ns-17.mp4,0.01530462988,0.01581695315,184,0.0854158086,,,,,,,,
v56_ns-2.mp4,0.01985004676,0.0118409317,185,0.07253558958,,,,,,,,
v56_ns-3.mp4,0.01123381452,0.00322635114,186,0.01972511437,,,,,,,,
v56_ns-4.mp4,0.01179165479,0.001514026115,187,0.006982141306,,,,,,,,
v56_ns-5.mp4,0.01349330064,0.01473718463,188,0.08768924292,,,,,,,,
v56_ns-6.mp4,0.0110357424,0.005901959284,189,0.03279617772,,,,,,,,
v56_ns-7.mp4,0.01074557044,0.004304812984,190,0.0214751832,,,,,,,,
v56_ns-8.mp4,0.01172376239,0.008118388436,191,0.04987295029,,,,,,,,
v56_ns-9.mp4,0.5241554897,0.0199158738,192,0.1235257741,,,,,,,,
v69_ns-1.mp4,0.1107729098,0.02883407558,193,0.2823184322,,,,,,,,
v69_ns-10.mp4,0.1576105304,0.009646903346,194,0.09091680155,,,,,,,,
v69_ns-11.mp4,0.05322637359,0.002423649159,195,0.027052027,,,,,,,,
v69_ns-12.mp4,0.02937924669,0.002134569891,196,0.02445666029,,,,,,,,
v69_ns-13.mp4,0.07966071252,0.005072904459,197,0.04046661526,,,,,,,,
v69_ns-14.mp4,0.1279716341,0.003388785803,198,0.03660449564,,,,,,,,
v69_ns-15.mp4,0.1500963343,0.00223502403,199,0.02307098175,,,,,,,,
v69_ns-16.mp4,0.1078256411,0.00618765251,200,0.06351928544,,,,,,,,
v69_ns-17.mp4,0.3091355183,0.005061227882,201,0.04479358203,,,,,,,,
v69_ns-18.mp4,0.4268502538,0.001590086423,202,0.02751234687,,,,,,,,
v69_ns-19.mp4,0.3325306839,0.0009937094189,203,0.01002221665,,,,,,,,
v69_ns-2.mp4,0.3716823979,0.004757254454,204,0.04473885937,,,,,,,,
v69_ns-20.mp4,0.2461694023,0.01291680891,205,0.1336058176,,,,,,,,
v69_ns-3.mp4,0.2149612212,0.002391082841,206,0.02581734026,,,,,,,,
v69_ns-4.mp4,0.2375776891,0.001794582388,207,0.02476886884,,,,,,,,
v69_ns-5.mp4,0.2827016322,0.0006478454265,208,0.01850458863,,,,,,,,
v69_ns-6.mp4,0.1427601332,0.009578690121,209,0.08598691104,,,,,,,,
v69_ns-7.mp4,0.1702797115,0.003252293997,210,0.03856737399,,,,,,,,
v69_ns-8.mp4,0.2527456343,0.02807789143,211,0.2601605679,,,,,,,,
v69_ns-9.mp4,0.1390970949,0.009495715237,212,0.07770592736,,,,,,,,
v70_ns-1.mp4,0.01621111727,0.007730852327,213,0.08153909119,,,,,,,,
v70_ns-10.mp4,0.007003711057,0.0255721231,214,0.238084055,,,,,,,,
v70_ns-11.mp4,0.009586910376,0.03872097051,215,0.5095672915,,,,,,,,
v70_ns-12.mp4,0.01303357605,0.01314525945,216,0.1491938525,,,,,,,,
v70_ns-13.mp4,0.1394934443,0.0131915567,217,0.1286753329,,,,,,,,
v70_ns-14.mp4,0.1295351646,0.002299831836,218,0.03945649399,,,,,,,,
v70_ns-2.mp4,0.03083982923,0.03325840181,219,0.4215888193,,,,,,,,
v70_ns-3.mp4,0.0159969355,0.01506368036,220,0.1781652022,,,,,,,,
v70_ns-4.mp4,0.01929227288,0.04834247923,221,0.5889011285,,,,,,,,
v70_ns-5.mp4,0.02888890076,0.01005676525,222,0.1335368442,,,,,,,,
v70_ns-6.mp4,0.0349851056,0.008707639389,223,0.0709922765,,,,,,,,
v70_ns-7.mp4,0.01895824725,0.004866935537,224,0.05777678097,,,,,,,,
v70_ns-8.mp4,0.02610627395,0.01320377143,225,0.1653317794,,,,,,,,
v70_ns-9.mp4,0.007371219977,0.02964300393,226,0.3142446725,,,,,,,,
v71_ns-1.mp4,0.04057924194,0.01609847913,227,0.1325343325,,,,,,,,
v71_ns-10.mp4,0.01838238391,0.03855736376,228,0.3030055528,,,,,,,,
v71_ns-11.mp4,0.01699725878,0.008415436681,229,0.0618044645,,,,,,,,
v71_ns-12.mp4,0.02134232715,0.018609035,230,0.1696466766,,,,,,,,
v71_ns-13.mp4,0.02081005179,0.009935539056,231,0.06345193666,,,,,,,,
v71_ns-14.mp4,0.03767598546,0.01025636851,232,0.06249429461,,,,,,,,
v71_ns-15.mp4,0.01832294389,0.02760007188,233,0.1598760108,,,,,,,,
v71_ns-16.mp4,0.02335202823,0.01152316391,234,0.07553579158,,,,,,,,
v71_ns-17.mp4,0.02899093099,0.01136874151,235,0.07882460593,,,,,,,,
v71_ns-18.mp4,0.01807935538,0.009068507951,236,0.05746459306,,,,,,,,
v71_ns-19.mp4,0.07092743429,0.04301130256,237,0.2777777442,,,,,,,,
v71_ns-2.mp4,0.05040849772,0.01570387798,238,0.09830077319,,,,,,,,
v71_ns-20.mp4,0.08133586237,0.02252491143,239,0.1653638856,,,,,,,,
v71_ns-21.mp4,0.05557703082,0.02133859348,240,0.1204431113,,,,,,,,
v71_ns-22.mp4,0.03427297378,0.01147219281,241,0.06431901069,,,,,,,,
v71_ns-23.mp4,0.1099127919,0.01048334163,242,0.07794088149,,,,,,,,
v71_ns-24.mp4,0.03733726296,0.0085433619,243,0.06292638708,,,,,,,,
v71_ns-25.mp4,0.0228495158,0.007686817248,244,0.05635243334,,,,,,,,
v71_ns-26.mp4,0.05129168235,0.006226874824,245,0.04489937826,,,,,,,,
v71_ns-27.mp4,0.08211285711,0.01029332003,246,0.06795513348,,,,,,,,
v71_ns-28.mp4,0.07053757076,0.003792001057,247,0.02737185078,,,,,,,,
v71_ns-3.mp4,0.02646952942,0.01278785892,248,0.09055076031,,,,,,,,
v71_ns-4.mp4,0.02182158833,0.02701343753,249,0.2350731188,,,,,,,,
v71_ns-5.mp4,0.02192345646,0.007390913567,250,0.05419554296,,,,,,,,
v71_ns-6.mp4,0.0293060005,0.006573621228,251,0.0511030356,,,,,,,,
v71_ns-7.mp4,0.01841413816,0.005191036274,252,0.03719097451,,,,,,,,
v71_ns-8.mp4,0.0258740728,0.01121329746,253,0.07197809943,,,,,,,,
v71_ns-9.mp4,0.02176365741,0.01966420983,254,0.1330410778,,,,,,,,
v76_ns-1.mp4,0.01068002123,0.001865123857,255,0.01284712717,,,,,,,,
v76_ns-10.mp4,0.005461664688,0.0028180506,256,0.03420792955,,,,,,,,
v76_ns-11.mp4,0.005418169502,0.002327910538,257,0.03078381203,,,,,,,,
v76_ns-12.mp4,0.01222633296,0.002735350001,258,0.06921238615,,,,,,,,
v76_ns-13.mp4,0.0229749424,0.002672811394,259,0.03015274607,,,,,,,,
v76_ns-14.mp4,0.1010586849,0.001069585622,260,0.02471022069,,,,,,,,
v76_ns-15.mp4,0.01144304928,0.002225992785,261,0.03370513555,,,,,,,,
v76_ns-16.mp4,0.01186057053,0.003940887651,262,0.05479405284,,,,,,,,
v76_ns-17.mp4,0.01846168137,0.001135680864,263,0.01866769741,,,,,,,,
v76_ns-18.mp4,0.02355717352,0.009302140417,264,0.1266817955,,,,,,,,
v76_ns-19.mp4,0.05071375111,0.02094837484,265,0.2837049493,,,,,,,,
v76_ns-2.mp4,0.01873988072,0.002729288494,266,0.03733841041,,,,,,,,
v76_ns-20.mp4,0.07185012598,0.001662634289,267,0.01801879757,,,,,,,,
v76_ns-21.mp4,0.03548814078,0.001373384499,268,0.01080447369,,,,,,,,
v76_ns-22.mp4,0.03749313689,0.007878953214,269,0.06873666796,,,,,,,,
v76_ns-23.mp4,0.03628921391,0.00275707726,270,0.02424929232,,,,,,,,
v76_ns-24.mp4,0.06593104851,0.001617993018,271,0.007903405831,,,,,,,,
v76_ns-25.mp4,0.006561691803,0.02399570143,272,0.2043639872,,,,,,,,
v76_ns-26.mp4,0.02460165177,0.03326631957,273,0.2975732888,,,,,,,,
v76_ns-27.mp4,0.1523755904,0.02284429903,274,0.2082139431,,,,,,,,
v76_ns-28.mp4,0.1799186278,0.004271996681,275,0.03988683657,,,,,,,,
v76_ns-29.mp4,0.0419702752,0.003684864568,276,0.05271174756,,,,,,,,
v76_ns-3.mp4,0.01842899933,0.000872396359,277,0.01078679533,,,,,,,,
v76_ns-30.mp4,0.03022409801,0.004891202991,278,0.05818325737,,,,,,,,
v76_ns-31.mp4,0.1799754826,0.008575634871,279,0.1184179656,,,,,,,,
v76_ns-32.mp4,0.03311665404,0.004233719744,280,0.05464147948,,,,,,,,
v76_ns-33.mp4,0.02305494182,0.002428991583,281,0.03047037367,,,,,,,,
v76_ns-34.mp4,0.01286762289,0.00372086393,282,0.05859119715,,,,,,,,
v76_ns-35.mp4,0.01050192552,0.002272973053,283,0.04219033686,,,,,,,,
v76_ns-36.mp4,0.008108240773,0.00230902859,284,0.06480541314,,,,,,,,
v76_ns-37.mp4,0.01063143856,0.003191473824,285,0.04105357871,,,,,,,,
v76_ns-38.mp4,0.01395602466,0.004049308874,286,0.05336070296,,,,,,,,
v76_ns-39.mp4,0.04243138488,0.006508130523,287,0.07928772719,,,,,,,,
v76_ns-4.mp4,0.00860059615,0.004014096443,288,0.05187151123,,,,,,,,
v76_ns-5.mp4,0.05235748367,0.002166705709,289,0.02311349955,,,,,,,,
v76_ns-6.mp4,0.04106035666,0.004628784914,290,0.05475940014,,,,,,,,
v76_ns-7.mp4,0.02129127107,0.004308480836,291,0.04943961629,,,,,,,,
v76_ns-8.mp4,0.01468249643,0.00252870888,292,0.02731148493,,,,,,,,
v76_ns-9.mp4,0.009725649496,0.006312435726,293,0.08719747175,,,,,,,,
v78_ns-1.mp4,0.01167503733,0.002650277683,294,0.01822015203,,,,,,,,
v78_ns-10.mp4,0.01043196739,0.002317805755,295,0.0179756013,,,,,,,,
v78_ns-11.mp4,0.01203321446,0.006663042526,296,0.03117899189,,,,,,,,
v78_ns-12.mp4,0.01163754159,0.03834584009,297,0.2814508815,,,,,,,,
v78_ns-13.mp4,0.0170130851,0.005838823169,298,0.03679932949,,,,,,,,
v78_ns-14.mp4,0.03947560318,0.004646815897,299,0.03411329977,,,,,,,,
v78_ns-15.mp4,0.04144348836,0.002615435263,300,0.02589088246,,,,,,,,
v78_ns-16.mp4,0.007298755984,0.00909970834,301,0.05787713711,,,,,,,,
v78_ns-17.mp4,0.02568602768,0.004137267167,302,0.03692194483,,,,,,,,
v78_ns-18.mp4,0.02762187863,0.01453053103,303,0.1289414177,,,,,,,,
v78_ns-19.mp4,0.1421265416,0.02403046502,304,0.2003203935,,,,,,,,
v78_ns-2.mp4,0.07465195039,0.004658259696,305,0.04289189993,,,,,,,,
v78_ns-3.mp4,0.01211839353,0.007383547558,306,0.05805134206,,,,,,,,
v78_ns-4.mp4,0.01570080901,0.1134270986,307,0.9722894886,,,,,,,,
v78_ns-5.mp4,0.02074938646,0.08702435572,308,0.5974487585,,,,,,,,
v78_ns-6.mp4,0.03538300383,0.01978078253,309,0.1364928962,,,,,,,,
v78_ns-7.mp4,0.03198528397,0.02070450619,310,0.1777218988,,,,,,,,
v78_ns-8.mp4,0.1303279804,0.00774110845,311,0.06856129745,,,,,,,,
v78_ns-9.mp4,0.09061438281,0.0142499297,312,0.08641085198,,,,,,,,
v80_ns-1.mp4,0.6861441096,0.003407288907,313,0.03422220092,,,,,,,,
v80_ns-10.mp4,0.1745170391,0.005140797166,314,0.07648689573,,,,,,,,
v80_ns-100.mp4,0.01529730265,0.01140146996,315,0.07339189342,,,,,,,,
v80_ns-101.mp4,0.2983625315,0.02376746459,316,0.133280939,,,,,,,,
v80_ns-102.mp4,0.3280119953,0.007958820849,317,0.05977801484,,,,,,,,
v80_ns-103.mp4,0.16410575,0.008135112198,318,0.04853847031,,,,,,,,
v80_ns-104.mp4,0.08804005751,0.01855241776,319,0.07633326265,,,,,,,,
v80_ns-105.mp4,0.06453870429,0.05701050591,320,0.4225639282,,,,,,,,
v80_ns-106.mp4,0.03953355229,0.02838191822,321,0.2034946318,,,,,,,,
v80_ns-107.mp4,0.03475391539,0.03311692203,322,0.1885202812,,,,,,,,
v80_ns-108.mp4,0.04364758887,0.0897506165,323,0.7007569437,,,,,,,,
v80_ns-109.mp4,0.0197364601,0.006850201621,324,0.1053476363,,,,,,,,
v80_ns-11.mp4,0.6653316749,0.01138810283,325,0.07918947641,,,,,,,,
v80_ns-110.mp4,0.03078625783,0.01925017264,326,0.1063087836,,,,,,,,
v80_ns-111.mp4,0.06711531145,0.02625099837,327,0.1232695946,,,,,,,,
v80_ns-112.mp4,0.1077790854,0.007281467727,328,0.04281726819,,,,,,,,
v80_ns-113.mp4,0.1078600279,0.005348696047,329,0.03175425839,,,,,,,,
v80_ns-114.mp4,0.2530320445,0.02424858792,330,0.1285386322,,,,,,,,
v80_ns-115.mp4,0.1428312513,0.01438654191,331,0.08710630398,,,,,,,,
v80_ns-116.mp4,0.1563424334,0.01267684406,332,0.08592476399,,,,,,,,
v80_ns-117.mp4,0.1113067562,0.0153078745,333,0.07779040577,,,,,,,,
v80_ns-118.mp4,0.1054660616,0.03154308438,334,0.1658441086,,,,,,,,
v80_ns-119.mp4,0.2194520625,0.008626250261,335,0.05347930108,,,,,,,,
v80_ns-12.mp4,0.6133786629,0.00517198094,336,0.05475997512,,,,,,,,
v80_ns-120.mp4,0.1682684481,0.02011366198,337,0.07653698715,,,,,,,,
v80_ns-121.mp4,0.2123042581,0.04072085853,338,0.1544043293,,,,,,,,
v80_ns-122.mp4,0.1764492406,0.03876120664,339,0.2059723299,,,,,,,,
v80_ns-123.mp4,0.214570887,0.02757909777,340,0.1680608831,,,,,,,,
v80_ns-124.mp4,0.1833645371,,341,0.7872257158,,,,,,,,
v80_ns-125.mp4,,0.09601785047,342,0.2758302384,,,,,,,,
v80_ns-126.mp4,,,343,0.09020569645,,,,,,,,
v80_ns-127.mp4,,,344,0.1955654756,,,,,,,,
v80_ns-128.mp4,0.3726793935,0.05315614017,345,0.1436047757,,,,,,,,
v80_ns-129.mp4,0.4834096531,0.01386616905,346,0.2257323242,,,,,,,,
v80_ns-13.mp4,0.2527017072,0.02111276639,347,0.1004268459,,,,,,,,
v80_ns-130.mp4,0.413583344,0.01808726626,348,0.04758259184,,,,,,,,
v80_ns-131.mp4,0.5364245733,0.02456359294,349,0.1300667859,,,,,,,,
v80_ns-132.mp4,0.5196470732,0.01539680843,350,0.2108725816,,,,,,,,
v80_ns-133.mp4,0.5004402757,0.005825525539,351,0.04293158972,,,,,,,,
v80_ns-134.mp4,0.2562972708,0.02507876619,352,0.2083596286,,,,,,,,
v80_ns-135.mp4,0.1593963879,0.03926180248,353,0.07355012011,,,,,,,,
v80_ns-136.mp4,0.132667257,0.007309785554,354,0.12213494,,,,,,,,
v80_ns-137.mp4,0.1089072705,0.03972305627,355,0.06511892843,,,,,,,,
v80_ns-138.mp4,0.111839547,0.0161978387,356,0.2024547719,,,,,,,,
v80_ns-139.mp4,0.06822840869,0.02114545523,357,0.07542726036,,,,,,,,
v80_ns-14.mp4,0.689130779,0.007834889032,358,0.1249956655,,,,,,,,
v80_ns-140.mp4,0.1575444133,0.04056195731,359,0.4822386882,,,,,,,,
v80_ns-141.mp4,0.2284962893,0.01383129063,360,0.1419869812,,,,,,,,
v80_ns-142.mp4,0.01617315675,0.01616393311,361,0.07493936246,,,,,,,,
v80_ns-143.mp4,0.01329651347,0.06062300132,362,0.1093128579,,,,,,,,
v80_ns-144.mp4,0.01112873781,0.01493977858,363,0.1063519785,,,,,,,,
v80_ns-145.mp4,0.1397361943,0.01449303429,364,0.1421592856,,,,,,,,
v80_ns-146.mp4,0.1119180731,0.01667869007,365,0.03130520964,,,,,,,,
v80_ns-147.mp4,0.02838846535,0.01774205709,366,0.01278566291,,,,,,,,
v80_ns-148.mp4,0.04042724472,0.02691640915,367,0.1055259273,,,,,,,,
v80_ns-149.mp4,0.08270017932,0.005077195106,368,0.07763084489,,,,,,,,
v80_ns-15.mp4,0.717185095,0.002573933635,369,0.09346910943,,,,,,,,
v80_ns-150.mp4,0.07458675288,0.01041780647,370,0.04579919962,,,,,,,,
v80_ns-151.mp4,0.02732048592,0.01053931212,371,0.06669232914,,,,,,,,
v80_ns-152.mp4,0.03380105435,0.01586554326,372,0.1074585298,,,,,,,,
v80_ns-153.mp4,0.0301083679,0.007156056084,373,0.1456010847,,,,,,,,
v80_ns-154.mp4,0.02390245254,0.009619652464,374,0.03239127129,,,,,,,,
v80_ns-155.mp4,0.02612523128,0.01810636737,375,0.1226419822,,,,,,,,
v80_ns-156.mp4,0.02305822424,0.01801263389,376,0.1629652297,,,,,,,,
v80_ns-157.mp4,0.02490153328,0.005413774208,377,0.05332907723,,,,,,,,
v80_ns-158.mp4,0.03297551509,0.02074352298,378,0.3114415746,,,,,,,,
v80_ns-159.mp4,0.2742738,0.02562708853,379,0.1374667337,,,,,,,,
v80_ns-16.mp4,0.6691893136,0.006738549992,380,0.446797762,,,,,,,,
v80_ns-160.mp4,0.1886431224,0.05160588125,381,0.1145379874,,,,,,,,
v80_ns-161.mp4,0.07206076606,0.02294332141,382,0.271980605,,,,,,,,
v80_ns-162.mp4,0.07931810321,0.06712314955,383,0.4914120496,,,,,,,,
v80_ns-163.mp4,0.05764286408,0.02042889009,384,0.03040925795,,,,,,,,
v80_ns-164.mp4,0.03691264996,0.04044306639,385,0.02716273878,,,,,,,,
v80_ns-165.mp4,0.3117061948,0.07276547084,386,0.07600454952,,,,,,,,
v80_ns-166.mp4,0.3676778712,0.003665833858,387,0.09860746248,,,,,,,,
v80_ns-167.mp4,0.2238051932,0.005431825828,388,0.03791383785,,,,,,,,
v80_ns-17.mp4,0.6857419988,0.008754269077,389,0.02729488556,,,,,,,,
v80_ns-18.mp4,0.6331045677,0.01448637062,390,0.08666052607,,,,,,,,
v80_ns-19.mp4,0.5830414638,0.005294271093,391,0.08943930506,,,,,,,,
v80_ns-2.mp4,0.6455440576,0.003745742758,392,0.105630783,,,,,,,,
v80_ns-20.mp4,0.1974217385,0.008805209581,393,0.06847994238,,,,,,,,
v80_ns-21.mp4,0.04171614929,0.01219230087,394,0.07725944044,,,,,,,,
v80_ns-22.mp4,0.02585677456,0.01156731193,395,0.05930736103,,,,,,,,
v80_ns-23.mp4,0.4188623966,0.004073157345,396,0.08784686911,,,,,,,,
v80_ns-24.mp4,0.203635668,0.008453100413,397,0.1630596766,,,,,,,,
v80_ns-25.mp4,0.4004525516,0.008180647314,398,0.08240890499,,,,,,,,
v80_ns-26.mp4,0.6771707813,0.01224911415,399,0.08604683409,,,,,,,,
v80_ns-27.mp4,0.7073425819,0.02558374071,400,0.01921191747,,,,,,,,
v80_ns-28.mp4,0.2780404563,0.01100455431,401,0.03287172278,,,,,,,,
v80_ns-29.mp4,0.04351339843,0.01215060164,402,0.1141304717,,,,,,,,
v80_ns-3.mp4,0.6557042946,0.003547391916,403,0.06965416529,,,,,,,,
v80_ns-30.mp4,0.0502415985,0.00561610355,404,0.06078458202,,,,,,,,
v80_ns-31.mp4,0.0570221019,0.01761020255,405,0.04455222964,,,,,,,,
v80_ns-32.mp4,0.0472860544,0.009607868415,406,0.2018009214,,,,,,,,
v80_ns-33.mp4,0.4149378802,0.008309767047,407,0.1272701269,,,,,,,,
v80_ns-34.mp4,0.6466846536,0.006938959133,408,0.2072275815,,,,,,,,
v80_ns-35.mp4,0.6513323183,0.02501698005,409,0.2574790896,,,,,,,,
v80_ns-36.mp4,0.5822116993,0.01289967627,410,0.1774356779,,,,,,,,
v80_ns-37.mp4,0.1734800115,0.01965672238,411,0.1152414311,,,,,,,,
v80_ns-38.mp4,0.2958882429,0.02090477448,412,0.02753190371,,,,,,,,
v80_ns-39.mp4,0.2510310314,0.02524066417,413,0.09149103928,,,,,,,,
v80_ns-4.mp4,0.6682433069,0.01766772669,414,0.07242063248,,,,,,,,
v80_ns-40.mp4,0.1348099356,0.004199739293,415,0.09602603697,,,,,,,,
v80_ns-41.mp4,0.1926416811,0.02120209782,416,0.03563121317,,,,,,,,
v80_ns-42.mp4,0.125385287,0.01129935619,417,0.07676334112,,,,,,,,
v80_ns-43.mp4,0.6405410005,0.01727793235,418,0.04521228871,,,,,,,,
v80_ns-44.mp4,0.6771690836,0.004143703272,419,0.08585482301,,,,,,,,
v80_ns-45.mp4,0.7007229696,0.008628064403,420,0.06539057276,,,,,,,,
v80_ns-46.mp4,0.6044584836,0.005662482899,421,0.05453615354,,,,,,,,
v80_ns-47.mp4,0.6765386179,0.01143525702,422,0.04662677716,,,,,,,,
v80_ns-48.mp4,0.7150212745,0.009396897305,423,0.2140814235,,,,,,,,
v80_ns-49.mp4,0.688074558,0.01098703206,424,0.2127519342,,,,,,,,
v80_ns-5.mp4,0.6631056776,0.007362854628,425,0.05313959409,,,,,,,,
v80_ns-50.mp4,0.5494061075,0.03824472344,426,0.09677963701,,,,,,,,
v80_ns-51.mp4,0.0564207059,0.02803232719,427,0.2661921905,,,,,,,,
v80_ns-52.mp4,0.6289277906,0.008150740526,428,0.1934595261,,,,,,,,
v80_ns-53.mp4,0.6715825786,0.01305064059,429,0.1303478232,,,,,,,,
v80_ns-54.mp4,0.7067927639,0.033586496,430,0.1112595304,,,,,,,,
v80_ns-55.mp4,0.6671046371,0.02126741326,431,0.09621127052,,,,,,,,
v80_ns-56.mp4,0.6064053933,0.01667045596,432,0.02690111632,,,,,,,,
v80_ns-57.mp4,0.0697651938,0.01573257454,433,0.03291548949,,,,,,,,
v80_ns-58.mp4,0.2403055944,0.01620632819,434,0.1633347713,,,,,,,,
v80_ns-59.mp4,0.5712331499,0.005110432696,435,0.08442915343,,,,,,,,
v80_ns-6.mp4,0.6442592988,0.004556483376,436,0.3849252261,,,,,,,,
v80_ns-60.mp4,0.5263623456,0.02319828215,437,0.1707619082,,,,,,,,
v80_ns-61.mp4,0.5118654499,0.01154644428,438,0.1718412599,,,,,,,,
v80_ns-62.mp4,0.562928925,0.05881317857,439,0.443132205,,,,,,,,
v80_ns-63.mp4,0.6163143357,0.02778142655,440,0.2589386446,,,,,,,,
v80_ns-64.mp4,0.6226983726,0.03206486859,441,0.2879892266,,,,,,,,
v80_ns-65.mp4,0.6344971349,0.07617296632,442,0.1136015467,,,,,,,,
v80_ns-66.mp4,0.5932527944,0.03881513067,443,0.1538080132,,,,,,,,
v80_ns-67.mp4,0.5393093675,0.05369353625,444,0.08213180255,,,,,,,,
v80_ns-68.mp4,0.5662385841,0.01319181242,445,0.05705399028,,,,,,,,
v80_ns-69.mp4,0.1538766154,0.0179955008,446,0.1753764277,,,,,,,,
v80_ns-7.mp4,0.7462522358,0.009893058271,447,0.1086197849,,,,,,,,
v80_ns-70.mp4,0.04371294843,0.006943778668,448,0.1357675466,,,,,,,,
v80_ns-71.mp4,0.5222134004,0.02010488853,449,0.1747244006,,,,,,,,
v80_ns-72.mp4,0.4663444919,0.01177413637,450,0.05237422119,,,,,,,,
v80_ns-73.mp4,0.4376130531,0.01824479463,451,0.1452146566,,,,,,,,
v80_ns-74.mp4,0.5612338444,0.02190726042,452,0.1885577651,,,,,,,,
v80_ns-75.mp4,0.4023901574,0.008240874367,453,0.06742176491,,,,,,,,
v80_ns-76.mp4,0.319006966,0.01899473497,454,0.09404140844,,,,,,,,
v80_ns-77.mp4,0.02123860025,0.025519813,455,0.05758549922,,,,,,,,
v80_ns-78.mp4,0.03024424252,0.009956865375,456,0.2060328889,,,,,,,,
v80_ns-79.mp4,0.01869521861,0.01144314541,457,0.08249093321,,,,,,,,
v80_ns-8.mp4,0.763702624,0.009428322457,458,0.2017405177,,,,,,,,
v80_ns-80.mp4,0.02248192742,0.02471803709,459,0.05588200352,,,,,,,,
v80_ns-81.mp4,0.02785987162,0.01050944974,460,0.05992540165,,,,,,,,
v80_ns-82.mp4,0.01741891408,0.0234318381,461,0.05588291204,,,,,,,,
v80_ns-83.mp4,0.01299181126,0.005909970846,462,0.04650774598,,,,,,,,
v80_ns-84.mp4,0.03029679709,0.006762583687,463,0.1105666332,,,,,,,,
v80_ns-85.mp4,0.04943782777,0.005015029567,464,0.09731396281,,,,,,,,
v80_ns-86.mp4,0.0248719098,0.005325167991,465,0.04223387549,,,,,,,,
v80_ns-87.mp4,0.01771681982,0.0133559159,466,0.08641546495,,,,,,,,
v80_ns-88.mp4,0.04699111328,0.01552525758,467,0.2910719827,,,,,,,,
v80_ns-89.mp4,0.2050098635,0.005819174109,468,0.08879081039,,,,,,,,
v80_ns-9.mp4,0.7760987348,0.01010171093,469,0.04935217745,,,,,,,,
v80_ns-90.mp4,0.1797301653,0.03455017236,470,0.07617322932,,,,,,,,
v80_ns-91.mp4,0.5664493496,0.00953822216,471,0.0746311536,,,,,,,,
v80_ns-92.mp4,0.4198578718,0.007618956259,472,0.04778677673,,,,,,,,
v80_ns-93.mp4,0.2641348458,0.01008280663,473,0.09653469015,,,,,,,,
v80_ns-94.mp4,0.388274665,0.01090968616,474,0.261399141,,,,,,,,
v80_ns-95.mp4,0.3193967173,0.005064852966,475,0.06264616791,,,,,,,,
v80_ns-96.mp4,0.2193041849,0.01214049641,476,0.1540924013,,,,,,,,
v80_ns-97.mp4,0.2482874976,0.04051885415,477,0.03705406402,,,,,,,,
v80_ns-98.mp4,0.09208144012,0.01014719075,478,0.02659477049,,,,,,,,
v80_ns-99.mp4,0.0704113796,0.02516054164,479,0.07127397965,,,,,,,,
v81_ns-1.mp4,0.6501788855,0.006774871894,480,0.0578079221,,,,,,,,
v81_ns-10.mp4,0.6263464505,0.001978892453,481,0.08137364649,,,,,,,,
v81_ns-11.mp4,0.4530432859,0.004754880188,482,0.07174436334,,,,,,,,
v81_ns-12.mp4,0.4338962701,0.003958302405,483,0.05826360288,,,,,,,,
v81_ns-13.mp4,0.5521112534,0.005985345058,484,0.02315930312,,,,,,,,
v81_ns-14.mp4,0.6030854853,0.005828568759,485,0.02962289979,,,,,,,,
v81_ns-15.mp4,0.5104991846,0.003015358477,486,0.004313487924,,,,,,,,
v81_ns-16.mp4,0.5605123694,0.00193180602,487,0.03798882773,,,,,,,,
v81_ns-17.mp4,0.6357257123,0.002576243802,488,0.6977126765,,,,,,,,
v81_ns-18.mp4,0.6307321052,0.000675271911,489,0.03978621058,,,,,,,,
v81_ns-19.mp4,0.6658767651,0.001880741451,490,0.1870127696,,,,,,,,
v81_ns-2.mp4,0.3529662308,0.03955830055,491,0.2723227384,,,,,,,,
v81_ns-20.mp4,0.6367395019,0.003205731369,492,0.007665072598,,,,,,,,
v81_ns-21.mp4,0.5436945909,0.01383367242,493,0.02375699531,,,,,,,,
v81_ns-22.mp4,0.4996959363,0.02184064963,494,0.02757950543,,,,,,,,
v81_ns-23.mp4,0.181839967,0.0007454883752,495,0.02536333192,,,,,,,,
v81_ns-24.mp4,0.4404543767,0.00254089525,496,0.09007878849,,,,,,,,
v81_ns-25.mp4,0.496138557,0.001916009817,497,0.01374760359,,,,,,,,
v81_ns-26.mp4,0.5392332548,0.001864008241,498,0.06185430691,,,,,,,,
v81_ns-27.mp4,0.3851098301,0.007429593428,499,0.2184636244,,,,,,,,
v81_ns-28.mp4,0.616698539,0.001612715475,500,0.03675084932,,,,,,,,
v81_ns-29.mp4,0.4730192342,0.00599229487,501,0.03141117406,,,,,,,,
v81_ns-3.mp4,0.3834727317,0.01731774456,502,0.02435985521,,,,,,,,
v81_ns-30.mp4,0.5501240352,0.002705584001,503,0.01447053112,,,,,,,,
v81_ns-31.mp4,0.6421124448,0.001670025624,504,0.03980162477,,,,,,,,
v81_ns-32.mp4,0.6592150092,0.002012479199,505,0.03683632213,,,,,,,,
v81_ns-33.mp4,0.6260486613,0.001219531473,506,0.0994707517,,,,,,,,
v81_ns-34.mp4,0.6008060579,0.003126874151,507,0.0760336323,,,,,,,,
v81_ns-35.mp4,0.5278200125,0.003097467882,508,0.04484416275,,,,,,,,
v81_ns-36.mp4,0.4504591603,0.008053333323,509,0.02048551296,,,,,,,,
v81_ns-37.mp4,0.3025333143,0.006852780577,510,0.02978511389,,,,,,,,
v81_ns-38.mp4,0.2425717791,0.003898613825,511,0.07497805688,,,,,,,,
v81_ns-39.mp4,0.2765927352,0.001721333236,512,0.07643613729,,,,,,,,
v81_ns-4.mp4,0.4843601933,0.002734392351,513,0.01365160373,,,,,,,,
v81_ns-40.mp4,0.2012157455,0.006259998066,514,0.05047903627,,,,,,,,
v81_ns-41.mp4,0.06978726299,0.006710855213,515,0.09685338361,,,,,,,,
v81_ns-42.mp4,0.1335089467,0.001622560584,516,0.3646306804,,,,,,,,
v81_ns-43.mp4,0.2289188579,0.004375564741,517,0.03687411866,,,,,,,,
v81_ns-44.mp4,0.4019633106,0.009872762849,518,0.1445664238,,,,,,,,
v81_ns-45.mp4,0.2114855339,0.02628100393,519,0.1656727737,,,,,,,,
v81_ns-5.mp4,0.6071424246,0.003141686229,520,0.4683101061,,,,,,,,
v81_ns-6.mp4,0.5324677697,0.01036388722,521,0.08152552988,,,,,,,,
v81_ns-7.mp4,0.6071431364,0.01052662459,522,0.1993983641,,,,,,,,
v81_ns-8.mp4,0.5746787553,0.03178828883,523,0.08062904221,,,,,,,,
v81_ns-9.mp4,0.5620766185,0.00612963026,524,0.1452212338,,,,,,,,
v84_ns-1.mp4,0.446135801,0.01268632296,525,0.06383633476,,,,,,,,
v84_ns-2.mp4,0.2560689579,0.008418896608,526,0.215342932,,,,,,,,
v84_ns-3.mp4,0.6436867942,0.01004497093,527,0.2006862625,,,,,,,,
v84_ns-4.mp4,0.6460639377,0.005123286003,528,0.1893721239,,,,,,,,
v84_ns-5.mp4,0.6218739003,0.01902745477,529,0.1087234421,,,,,,,,
v84_ns-6.mp4,0.5719823512,0.0213836912,530,0.02987655141,,,,,,,,
v84_ns-7.mp4,0.6698123743,0.02565056685,531,0.02954683803,,,,,,,,
v84_ns-8.mp4,0.7116612713,0.009575531468,532,0.06365037977,,,,,,,,
v85_ns-1.mp4,0.42405529,0.002249354365,533,0.03799321721,,,,,,,,
v85_ns-10.mp4,0.7263227661,0.002639040414,534,0.07038326918,,,,,,,,
v85_ns-11.mp4,0.7408686042,0.009531250226,535,0.01395691757,,,,,,,,
v85_ns-12.mp4,0.6817531476,0.005164409313,536,0.009755786387,,,,,,,,
v85_ns-2.mp4,0.2641146184,0.003688736156,537,0.03311966481,,,,,,,,
v85_ns-3.mp4,0.3568312466,0.0009154773251,538,0.1412311193,,,,,,,,
v85_ns-4.mp4,0.3517515793,0.0002815980039,539,0.0512630742,,,,,,,,
v85_ns-5.mp4,0.4665896498,0.002578871092,540,0.02351280075,,,,,,,,
v85_ns-6.mp4,0.6452121109,0.00886578208,541,0.01324385138,,,,,,,,
v85_ns-7.mp4,0.5502873128,0.005877729529,542,0.5174637723,,,,,,,,
v85_ns-8.mp4,0.6645230288,0.003786632362,543,0.2541351238,,,,,,,,
v85_ns-9.mp4,0.6901822209,0.0008630620165,544,0.2992189997,,,,,,,,
v86_ns-1.mp4,0.1478534276,0.05541756669,545,0.4928978615,,,,,,,,
v86_ns-10.mp4,0.01877399761,0.03007296042,546,0.5238363152,,,,,,,,
v86_ns-11.mp4,0.007482323939,0.03048688104,547,0.0756806059,,,,,,,,
v86_ns-12.mp4,0.006309520958,0.05327165668,548,0.3353926956,,,,,,,,
v86_ns-13.mp4,0.007321806167,0.04836353096,549,0.1930736228,,,,,,,,
v86_ns-14.mp4,0.008615370564,0.009511645066,550,0.5466207409,,,,,,,,
v86_ns-2.mp4,0.2744570437,0.03467065333,551,0.100908617,,,,,,,,
v86_ns-3.mp4,0.1413610257,0.01810813615,552,0.09640868779,,,,,,,,
v86_ns-4.mp4,0.1209195253,0.05542259138,553,0.09973700092,,,,,,,,
v86_ns-5.mp4,0.1400802845,0.01154088095,554,0.4708650124,,,,,,,,
v86_ns-6.mp4,0.1933833573,0.01143895526,555,0.1729514788,,,,,,,,
v86_ns-7.mp4,0.04368626272,0.01089695403,556,0.06275063892,,,,,,,,
v86_ns-8.mp4,0.01920185539,0.0426593074,557,0.03974683542,,,,,,,,
v86_ns-9.mp4,0.03303830062,0.01868227748,558,0.03437320092,,,,,,,,
v87_ns-1.mp4,0.1095751771,0.005562430767,559,0.01289773669,,,,,,,,
v87_ns-10.mp4,0.1577888923,0.004696378634,560,0.01829772213,,,,,,,,
v87_ns-11.mp4,0.0344744102,0.002894184079,561,0.01472259769,,,,,,,,
v87_ns-12.mp4,0.01842191091,0.002240109863,562,0.05770253028,,,,,,,,
v87_ns-13.mp4,0.01280104958,0.001906240683,563,0.02905293232,,,,,,,,
v87_ns-14.mp4,0.1004731411,0.001173899135,564,0.02515521514,,,,,,,,
v87_ns-2.mp4,0.2295025662,0.006484136428,565,0.01461209613,,,,,,,,
v87_ns-3.mp4,0.08164246756,0.004970274435,566,0.02291788003,,,,,,,,
v87_ns-4.mp4,0.008416612687,0.003007416833,567,0.04089951213,,,,,,,,
v87_ns-5.mp4,0.01274011881,0.001331307542,568,0.02498376987,,,,,,,,
v87_ns-6.mp4,0.09064888805,0.002792334282,569,0.01782776221,,,,,,,,
v87_ns-7.mp4,0.0176855091,0.004702680727,570,0.5457869758,,,,,,,,
v87_ns-8.mp4,0.2364077778,0.000898701392,571,0.4438798286,,,,,,,,
v87_ns-9.mp4,0.1098221129,0.002458783496,572,1,,,,,,,,
,,,,,,,,,,,,
,,,,,,,,,,,,
,,,,,,,,,,,,
,,,,,,,,,,,,
,,,,,,,,,,,,
,,,,,,,,,,,,
,,,,,,,,,,,,
,,,,,,,,,,,,
,,,,,,,,,,,,
,,,,,,,,,,,,
,,,,,,,,,,,,
,,,,,,,,,,,,
,,,,,,,,,,,,
,,,,,,,,,,,,
,,,,,,,,,,,,
,,,,,,,,,,,,
,,,,,,,,,,,,
,,,,,,,,,,,,
,,,,,,,,,,,,
,,,,,,,,,,,,
,,,,,,,,,,,,
,,,,,,,,,,,,
,,,,,,,,,,,,
,,,,,,,,,,,,
,,,,,,,,,,,,
,,,,,,,,,,,,
,,,,,,,,,,,,
,,,,,,,,,,,,
,,,,,,,,,,,,
,,,,,,,,,,,,
,,,,,,,,,,,,
,,,,,,,,,,,,
,,,,,,,,,,,,
,,,,,,,,,,,,
,,,,,,,,,,,,
,,,,,,,,,,,,
,,,,,,,,,,,,
,,,,,,,,,,,,
,,,,,,,,,,,,
,,,,,,,,,,,,
,,,,,,,,,,,,
,,,,,,,,,,,,
,,,,,,,,,,,,
,,,,,,,,,,,,
,,,,,,,,,,,,
,,,,,,,,,,,,
,,,,,,,,,,,,
,,,,,,,,,,,,
,,,,,,,,,,,,
,,,,,,,,,,,,
,,,,,,,,,,,,
,,,,,,,,,,,,
,,,,,,,,,,,,
,,,,,,,,,,,,
,,,,,,,,,,,,
,,,,,,,,,,,,
,,,,,,,,,,,,
,,,,,,,,,,,,
,,,,,,,,,,,,
,,,,,,,,,,,,
,,,,,,,,,,,,
,,,,,,,,,,,,
,,,,,,,,,,,,
,,,,,,,,,,,,
,,,,,,,,,,,,
,,,,,,,,,,,,
,,,,,,,,,,,,
,,,,,,,,,,,,
,,,,,,,,,,,,
,,,,,,,,,,,,
,,,,,,,,,,,,
,,,,,,,,,,,,
,,,,,,,,,,,,
,,,,,,,,,,,,
,,,,,,,,,,,,
,,,,,,,,,,,,
,,,,,,,,,,,,
,,,,,,,,,,,,
,,,,,,,,,,,,
,,,,,,,,,,,,
,,,,,,,,,,,,
,,,,,,,,,,,,
,,,,,,,,,,,,   